,행복,행복count,행복sims,열정,열정count,열정sims,두려움,두려움count,두려움sims,분노,분노count,분노sims,우울,우울count,우울sims,슬픔,슬픔count,슬픔sims
0,긍정,7,0.30051466822624207,목표,9,0.15401548147201538,두려움,12,1.0,일,9,-0.08750846982002258,당신,13,0.25218403339385986,사람,12,0.3719998300075531
1,생각,7,0.36211466789245605,시간,9,0.16570159792900085,되다,12,0.0,마음,9,0.4584367275238037,우울증,10,0.5518814325332642,슬픔,7,1.0
2,경험,6,0.359052836894989,열정,8,1.0,치료,8,0.21778614819049835,명상,9,0.048890840262174606,사람,9,0.20017942786216736,되다,6,0.0
3,사람,3,0.3401772379875183,생각,8,0.27886244654655457,박사,6,-0.11693467199802399,뇌,8,0.10792633146047592,되다,7,0.0,시간,4,0.14043645560741425
4,기쁨,3,0.6493781805038452,상태,8,0.016050444915890694,말,6,0.27205175161361694,감정,8,0.36159005761146545,더,5,0.0555250383913517,극복,4,0.20303544402122498
5,자신,2,0.3778485655784607,사람,8,0.2953539192676544,사람,4,0.3867916762828827,되다,8,0.0,말,4,0.1385309100151062,우리,4,0.3208942413330078
6,기울이다,2,0.0,지속,7,0.08086742460727692,공포,4,0.4371495842933655,않다,7,0.0,생각,4,0.26248788833618164,죽음,4,0.6214146614074707
7,노력,2,0.3624582290649414,위해,6,-0.04539503902196884,감정,4,0.6030389070510864,부정,6,0.21968814730644226,그것,4,0.24335914850234985,감정,4,0.5705320239067078
8,일,2,-0.03513184189796448,되다,5,0.0,느끼다,4,0.0,더,6,0.04636682569980621,극복,3,0.35774198174476624,데,3,0.04297592490911484
9,시키다,2,0.0,지도,5,0.08718980848789215,스턴,4,0.148484006524086,받다,5,0.0,위,3,-0.06805585324764252,다른,3,0.09898513555526733
10,음미,2,0.0,않다,4,0.0,고,4,0.2117931991815567,상처,5,0.4168386459350586,자신,3,0.24320170283317566,기억,3,0.4469403028488159
11,와인,2,0.008964169770479202,향,4,-0.009756170213222504,효과,4,0.21386924386024475,경험,5,0.20424994826316833,스스로,3,0.0470140278339386,삶,3,0.5163225531578064
12,순간,2,0.17104414105415344,위,4,-0.02196861431002617,위해,3,0.021997421979904175,챙기다,5,0.0,만들다,3,0.0,계속,3,0.09775562584400177
13,즐거움,2,0.6396492719650269,힘,4,0.41185271739959717,노력,3,0.262338250875473,코르티솔,4,0.0,목표,3,0.06708890199661255,증상,2,0.3805390000343323
14,축복,2,0.3982848525047302,날,4,0.08325286209583282,자신,3,0.4015524983406067,나다,4,0.0,방법,3,0.10252310335636139,신체,2,0.22177252173423767
15,감사하다,2,0.0,계획,4,0.08198544383049011,도움,3,0.20667621493339539,보다,4,-0.03879743814468384,명상,3,0.23507864773273468,점,2,0.12833192944526672
16,여기,2,0.1403767317533493,해도,4,-0.003661409020423889,생각,3,0.3447737395763397,생각,4,0.31862303614616394,슬픔,2,0.5679877996444702,감퇴,2,0.17204353213310242
17,부정,2,0.17350110411643982,일,4,-0.05356314033269882,인지,3,0.26545995473861694,분노,3,1.0,가지다,2,0.0,걸리다,2,0.0
18,업무,1,0.037860892713069916,나,4,0.011201992630958557,위험,2,0.5170859098434448,자기,3,0.2124568372964859,둘러싸다,2,0.0,기도,2,0.17064879834651947
19,성과,1,0.11305443942546844,자신,4,0.35417312383651733,상황,2,0.33603620529174805,스트레스,3,0.27501556277275085,또,2,0.11857900023460388,생각,2,0.2552761733531952
20,발표,1,0.06902220100164413,곳,4,0.10707267373800278,극복,2,0.22164234519004822,분비,3,0.19377191364765167,삶,2,0.30540233850479126,고통,2,0.6394879817962646
21,사건,1,-0.04627397283911705,마음,4,0.4701457917690277,위,2,-0.08547639846801758,때문,3,-0.02242119610309601,찾다,2,0.0,점점,2,0.22055110335350037
22,다른,1,0.14713498950004578,속,3,0.08551833778619766,방향,2,0.04207407310605049,시작,3,-0.029388239607214928,일상,2,0.29623788595199585,이기다,2,0.0
23,얼마나,1,0.14955978095531464,불씨,3,0.03221176564693451,경험,2,0.397708535194397,느끼다,3,0.0,동기,2,0.19584286212921143,사랑,2,0.7216663360595703
24,인상,1,0.2748550772666931,두다,3,0.0,부정,2,0.22135859727859497,말,3,0.14180392026901245,습관,2,0.2634420692920685,나,2,0.09279035776853561
25,받다,1,0.0,숙면,3,0.0,않다,2,0.0,우리,3,0.16658072173595428,바꾸다,2,0.0,해주다,2,0.0
26,되새기다,1,0.0,보내다,3,0.0,재다,2,0.0,떠오르다,3,0.0,보내다,2,0.0,인생,2,0.5983741283416748
27,결과,1,0.04638199508190155,억지로,3,-0.09221430867910385,몸,2,0.38289597630500793,두다,3,0.0,실수,2,0.14864276349544525,습관,2,0.35089313983917236
28,위해,1,0.028802212327718735,그냥,3,-0.00746174156665802,알다,2,0.0,의식,3,0.16836777329444885,시작,2,0.04012962430715561,정서,1,0.317807137966156
29,돌아보다,1,0.0,느끼다,3,0.0,정보,2,0.09527327120304108,힘,3,0.2990064024925232,인지,2,0.2476212978363037,알,1,0.08363214880228043
30,격려,1,0.29078972339630127,에너지,3,0.10978905111551285,숨,2,0.21563082933425903,피질,3,-0.022462910041213036,크다,2,0.0,비탄,1,0.7297681570053101
31,축하,1,0.27980226278305054,매일,3,0.12475328892469406,쉬다,2,0.0,작용,3,0.14590367674827576,알,2,0.06152818351984024,겪다,1,0.0
32,크게,1,0.0,해보다,3,0.0,호흡,2,0.20547336339950562,주,3,0.061157576739788055,깨다,2,0.0,피로,1,0.3888762593269348
33,웃다,1,0.0,무언가,3,0.16846513748168945,방법,2,0.13703972101211548,앉다,3,0.0,하루,2,0.19837459921836853,식욕,1,0.4361981153488159
34,노래,1,0.31028375029563904,빼다,3,0.0,차단,2,0.15933826565742493,호르몬,2,0.015710879117250443,마치,2,-0.0036805327981710434,성욕,1,0.48097553849220276
35,부르다,1,0.0,몰입,3,0.38324862718582153,보다,2,0.021450579166412354,따르다,2,0.0,즉,2,0.1418333351612091,시달리다,1,0.0
36,적극,1,-0.06527917832136154,메모,3,-0.016987377777695656,맞서다,2,0.0,들여다보다,2,0.0,내다,2,0.0,가장,1,-0.011487171053886414
37,신체,1,0.21406342089176178,가지,2,0.14717663824558258,스스로,2,0.3016606271266937,안,2,0.016807066276669502,자다,2,0.0,그것,1,0.3030850291252136
38,행동,1,0.3206459879875183,말,2,0.10736389458179474,자다,2,0.0,열등감,2,0.34286487102508545,다른,2,0.16512832045555115,더,1,0.02088986337184906
39,표,1,-0.06084529682993889,순간,2,0.18547265231609344,나,2,0.1599668711423874,건데,2,0.0,두다,2,0.0,떠나다,1,0.0
40,추다,1,0.0,유지,2,0.029996465891599655,노출,2,0.19731873273849487,심리,2,0.16325730085372925,시키다,2,0.0,이제,1,0.158311665058136
41,감정,1,0.38214632868766785,정신,2,0.4470897316932678,기다,2,0.0,이상,2,-0.06521596014499664,산화,2,0.11225801706314087,살다,1,0.0
42,증폭,1,-0.017399955540895462,몸,2,0.28559842705726624,약,2,-0.13362616300582886,편도체,2,0.0,보호,2,0.014002878218889236,들다,1,0.0
43,축구선수,1,0.0,동시,2,0.13680943846702576,처방,2,0.12810896337032318,해마,2,-0.08398060500621796,세로토닌,2,0.20450368523597717,뒤,1,0.07384725660085678
44,골,1,-0.08111420273780823,나가다,2,0.0,우리,1,0.286906898021698,자극,2,0.31230440735816956,식단,2,0.08243075013160706,찾아오다,1,0.0
45,넣다,1,0.0,데,2,0.07464989274740219,일으키다,1,0.0,못,2,0.1680133193731308,가지,2,0.19348175823688507,피,1,0.09420998394489288
46,세리머니,1,0.0,실행,2,-0.08713258802890778,요인,1,0.28930768370628357,끌다,2,0.0,우선,2,-0.02793867141008377,길이,1,0.00040490180253982544
47,통해,1,0.0026113111525774,생기다,2,0.0,엘리베이터,1,-0.10027056932449341,모으다,2,0.0,돕다,2,0.0,때문,1,0.022580400109291077
48,만끽,1,0.336373507976532,이루다,2,0.0,타다,1,0.0,적,2,-0.03224353492259979,흥미,1,0.21176011860370636,일반,1,-0.0914989560842514
49,주의,1,0.1054919958114624,욕망,2,0.6357133984565735,꺼리다,1,0.0,별것,2,0.0,상실,1,0.26884758472442627,과정,1,0.02196628972887993
50,세부,1,-0.07011424750089645,인생,2,0.5568121671676636,바늘,1,0.09972832351922989,화,2,0.025313101708889008,무관심,1,0.4599926471710205,낼,1,0.0
51,내용,1,0.2248937338590622,신체,2,0.19437387585639954,대상,1,0.18700090050697327,반응,2,0.3470968008041382,세,1,-0.04598431661725044,원인,1,0.1825052797794342
52,요소,1,0.1424390971660614,필수,2,0.033182255923748016,피하,1,0.158850759267807,창고,2,0.02384147420525551,환자,1,0.22107604146003723,돌리다,1,0.0
53,애호가,1,0.14098969101905823,주다,2,0.0,도록,1,0.05057738348841667,또,2,-0.0891420841217041,어,1,0.020548462867736816,억제,1,-0.027054011821746826
54,모금,1,0.18192313611507416,자체,2,0.11502359807491302,동기,1,0.16589470207691193,이르다,2,0.0,두운,1,0.0,말,1,0.2629944086074829
55,금은,1,-0.06841032952070236,기도,2,0.11393869668245316,부여,1,-0.017023442313075066,겁니다,2,0.0,삼각형,1,0.026615425944328308,부재,1,-0.008921466767787933
56,채,1,-0.010708970949053764,행복감,2,0.0,고안,1,-0.17128336429595947,점,2,0.013987690210342407,형성,1,0.12196926772594452,들어주다,1,0.0
57,해당,1,-0.0001423358917236328,과정,2,0.12401051819324493,인간,1,0.4286379814147949,통해,2,-0.09998497366905212,함정,1,0.11531625688076019,공유,1,-0.00612621009349823
58,다시,1,0.0013903696089982986,정도,2,0.08695587515830994,기본,1,-0.07551492005586624,오른쪽,2,0.007520405575633049,빠뜨리다,1,0.0,일어나다,1,0.0
59,돌아오다,1,0.0,자다,2,0.0,일상,1,0.2250884771347046,감,2,0.0534902848303318,헤메,1,0.0,이야기,1,0.4129025936126709
60,않다,1,0.0,시키다,2,0.0,생활,1,0.1824633628129959,사실,2,0.18741419911384583,좌절,1,0.2753894329071045,나누다,1,0.0
61,현재,1,-0.09554862231016159,보다,2,0.09019307047128677,피,1,0.00835268385708332,왼쪽,2,0.022320957854390144,그물,1,0.10964449495077133,받아들이다,1,0.0
62,즐기다,1,0.0,하나,2,0.003120379988104105,건강,1,0.24280840158462524,낙천,2,0.1306954324245453,걸리다,1,0.0,방법,1,0.02822702005505562
63,강도,1,-0.08424504101276398,인간,2,0.35965341329574585,경우,1,0.09372518211603165,반구,2,-0.07181232422590256,열쇠,1,-0.029155224561691284,일,1,0.003375033847987652
64,행운,1,0.5211648941040039,지르다,2,0.0,이르다,1,0.0,호흡,2,0.04116691276431084,넘겨주다,1,0.0,나다,1,0.0
65,이자,1,-0.028670523315668106,소우,2,-0.08042030036449432,미국,1,-0.04749529808759689,지켜보다,2,0.0,관심사,1,0.13960465788841248,떠오르다,1,0.0
66,마음,1,0.4744565486907959,박사,2,-0.05515033379197121,심리,1,0.2037118375301361,처음,2,-0.08784805983304977,수업,1,0.12807494401931763,시작,1,-0.07837112247943878
67,지니다,1,0.0,숲,2,0.17253291606903076,학회,1,-0.13597741723060608,집중,2,0.13649754226207733,등록,1,-0.13540853559970856,좌절,1,0.30799272656440735
68,기여,1,0.22406168282032013,사막,2,0.1144767552614212,정의,1,0.03119554929435253,보통,2,-0.06561672687530518,활동,1,0.14736327528953552,억,1,-0.0428149551153183
69,여건,1,0.18714697659015656,자리,2,-0.02545180171728134,촉발,1,0.14042045176029205,정도,2,-0.002435147762298584,추가,1,0.039426177740097046,누르다,1,0.0
70,되다,1,0.0,걸다,2,0.0,생리학,1,0.119622141122818,작동,1,0.033874183893203735,일,1,-0.07573171705007553,고립,1,0.0712408497929573
71,행복감,1,0.0,당신,2,0.3540433347225189,변화,1,0.1350039392709732,원리,1,-0.013762184418737888,생활,1,0.19778572022914886,가능성,1,0.14029452204704285
72,증가,1,0.11175038665533066,집중,2,0.08076216280460358,심장,1,0.24947084486484528,내면,1,0.16330108046531677,긍정,1,0.31747257709503174,상태,1,0.1550358235836029
73,지나치다,1,0.0,침묵,2,0.3842080235481262,박동,1,0.026418056339025497,비다,1,0.0,친구,1,0.24323582649230957,커지다,1,0.0
74,조금,1,0.13420134782791138,스케줄,2,0.03701704367995262,주변,1,0.06345437467098236,소모,1,0.1558714210987091,시간,1,0.16585001349449158,나르다,1,0.0
75,해보다,1,0.0,넣다,2,0.0,내장,1,-0.06295137852430344,줄이다,1,0.0,근본,1,0.16552071273326874,지원,1,-0.1764390468597412
76,무수,1,0.16993188858032227,온몸,2,0.16179139912128448,쏠리다,1,0.0,육체,1,0.24559275805950165,이루다,1,0.0,밀다,1,0.0
77,방해,1,0.10276354849338531,노력,2,0.3447059392929077,혈액,1,0.1888880431652069,공격,1,0.37117671966552734,집착,1,0.4136826992034912,살아가다,1,0.0
78,경우,1,0.013252165168523788,핵심,2,0.08908432722091675,흐름,1,0.16819533705711365,처리,1,0.05443749576807022,여러분,1,0.08512706309556961,의지,1,0.28965482115745544
79,평가절하,1,0.0,시간관리,2,0.0,전환,1,-0.1376970112323761,상황,1,0.1678098887205124,맑은,1,0.19585594534873962,꺾다,1,0.0
80,거나,1,0.08206954598426819,초점,2,0.21490319073200226,근육,1,0.19911620020866394,지속,1,-0.04237699881196022,날,1,0.07072341442108154,놓다,1,0.0
81,더,1,0.0037553980946540833,주변,2,0.04028845578432083,긴장,1,0.3880845904350281,부신피질,1,0.0,불행,1,0.5066936016082764,현실,1,0.36464041471481323
82,상황,1,0.1391434520483017,되어다,2,0.0,포함,1,-0.13236135244369507,원래,1,-0.06496957689523697,먹구름,1,0.0,항상,1,0.3657963275909424
83,후회,1,0.4115821421146393,내면,2,0.3833976686000824,예일대,1,0.0,염증,1,0.2293434739112854,끌다,1,0.0,최고,1,-0.09482716023921967
84,자책,1,0.054390523582696915,웃음,2,0.5033537149429321,지능,1,0.20394738018512726,이유,1,0.12473791837692261,들이다,1,0.0,바르다,1,0.0
85,자존감,1,0.0,살아가다,2,0.0,센터,1,-0.1868131309747696,실제,1,-0.008416663855314255,속,1,0.2000914216041565,해보다,1,0.0
86,이처럼,1,0.1446613073348999,어쩌면,1,0.0747162252664566,부소,1,0.0,입지,1,0.10847503691911697,갇히다,1,0.0,않다,1,0.0
87,감소,1,0.10338553786277771,세상,1,0.3466576039791107,로빈,1,0.04850342869758606,오히려,1,0.3860432207584381,결코,1,0.12867462635040283,즐기다,1,0.0
88,경향,1,0.14616280794143677,금방,1,0.07170138508081436,신호,1,0.04463040828704834,면역계,1,0.0,패턴,1,0.20028480887413025,활동,1,0.01689438335597515
89,,0,0.0,지치다,1,0.0,보내다,1,0.0,교란,1,0.17812611162662506,요법,1,0.14364656805992126,찾다,1,0.0
90,,0,0.0,무기,1,0.016454748809337616,전세계,1,0.021792855113744736,빠트립니,1,0.0,시기,1,-0.016856100410223007,가족,1,0.3350224792957306
91,,0,0.0,그리다,1,0.0,보편,1,0.06198287010192871,통제,1,0.16155600547790527,도움,1,0.009144550189375877,친구,1,0.3909987807273865
92,,0,0.0,개인,1,0.26821592450141907,무언가,1,0.32089245319366455,제대로,1,0.015094785019755363,관점,1,0.18643814325332642,보내다,1,0.0
93,,0,0.0,타오르다,1,0.0,판단,1,0.2141512930393219,정신,1,0.13236381113529205,부정,1,0.18556395173072815,떠나가다,1,0.0
94,,0,0.0,캔들,1,0.0,대신,1,-0.054073601961135864,차리다,1,0.0,악순환,1,0.30833715200424194,보다,1,-0.03470610827207565
95,,0,0.0,꺼지다,1,0.0,바라보다,1,0.0,계속,1,0.13690227270126343,출구,1,-0.06181905418634415,듯이,1,0.17837853729724884
96,,0,0.0,싶다,1,0.0,방식,1,-0.04678628221154213,경보,1,0.02839481458067894,경로,1,-0.028327997773885727,목표,1,-0.056057654321193695
97,,0,0.0,때로는,1,0.1678667664527893,연습,1,0.10507744550704956,음,1,0.015475768595933914,일어나다,1,0.0,달성,1,-0.0891508013010025
98,,0,0.0,잠시,1,-0.0069054290652275085,해보다,1,0.0,울리다,1,0.0,아침,1,0.18585264682769775,우울함,1,0.0
99,,0,0.0,끄다,1,0.0,가치판단,1,0.0,정보,1,0.035004206001758575,눈,1,0.28080612421035767,건지다,1,0.0
100,,0,0.0,식히다,1,0.0,조언,1,0.3783085346221924,정글,1,0.01165219210088253,뜨다,1,0.0,도와주다,1,0.0
101,,0,0.0,은,1,0.12921081483364105,다음,1,-0.023248065263032913,초원,1,0.015811987221240997,심장,1,0.25416263937950134,상실,1,0.11249444633722305
102,,0,0.0,항,1,-0.1176019012928009,가치,1,0.2311466932296753,태도,1,0.39946916699409485,꺼지다,1,0.0,영양,1,0.12120507657527924
103,,0,0.0,내뿜,1,-0.008398931473493576,가지,1,0.04778287187218666,숨다,1,0.0,채,1,0.08156751096248627,섭취,1,0.10697866976261139
104,,0,0.0,불,1,0.029724545776844025,평가,1,0.18555493652820587,찾아내다,1,0.0,마음,1,0.3930853307247162,운동,1,0.05548263341188431
105,,0,0.0,붙이다,1,0.0,휴식,1,0.20894677937030792,도움,1,0.1459476351737976,괴롭히다,1,0.0,잊어버리다,1,0.0
106,,0,0.0,불타,1,0.046883005648851395,수면,1,0.19021105766296387,돼다,1,0.0,재발,1,0.22721000015735626,만들다,1,0.0
107,,0,0.0,오르다,1,0.0,즐거움,1,0.5425324440002441,요즘,1,0.0007302090525627136,피하,1,0.10901004076004028,건강,1,0.26232588291168213
108,,0,0.0,달다,1,0.0,담당,1,-0.14952491223812103,시대,1,-0.06350534409284592,싶다,1,0.0,챙기다,1,0.0
109,,0,0.0,제일,1,0.04089874401688576,신체,1,0.30811500549316406,부풀리다,1,0.0,자기,1,0.2200927734375,생활,1,0.25557923316955566
110,,0,0.0,누구,1,0.11618468165397644,시스템,1,-0.03918178379535675,역할,1,0.05900375917553902,목적,1,0.08396591246128082,복원,1,-0.11157695949077606
111,,0,0.0,알,1,0.01639503613114357,부,1,-0.14866679906845093,아주,1,0.03881602734327316,구체,1,0.08675843477249146,질환,1,0.18106061220169067
112,,0,0.0,문제,1,0.06553292274475098,교감,1,0.15974600613117218,상상,1,0.25025179982185364,주어,1,-0.024242160841822624,보호,1,-0.04170134663581848
113,,0,0.0,방법,1,0.1781805157661438,신경계,1,0.12641410529613495,이어지다,1,0.0,오후,1,0.004948556423187256,,0,0.0
114,,0,0.0,동원,1,-0.029275231063365936,활성화,1,-0.015675636008381844,겉잡,1,0.0,혼자,1,0.13333193957805634,,0,0.0
115,,0,0.0,취해,1,0.0,주다,1,0.0,화가,1,0.1421596109867096,책,1,0.12763676047325134,,0,0.0
116,,0,0.0,하루,1,0.03875640779733658,상태,1,0.18203797936439514,단치,1,0.0,사고,1,0.12404750287532806,,0,0.0
117,,0,0.0,하늘,1,0.26007652282714844,더,1,0.06027503311634064,놀라다,1,0.0,여행,1,0.1361350268125534,,0,0.0
118,,0,0.0,땅,1,0.16210536658763885,가슴,1,0.35341882705688477,짜증,1,0.2562673091888428,예약,1,-0.07157381623983383,,0,0.0
119,,0,0.0,차이,1,0.0638934001326561,복식,1,-0.10496056079864502,내다,1,0.0,거나,1,0.10862964391708374,,0,0.0
120,,0,0.0,세우다,1,0.0,비교,1,-0.02725483663380146,버럭,1,0.0,누군가,1,0.12285195291042328,,0,0.0
121,,0,0.0,달려가다,1,0.0,별로,1,-0.0009778104722499847,곤,1,0.15850481390953064,만나다,1,0.0,,0,0.0
122,,0,0.0,능률,1,0.3041994869709015,배,1,-0.050230275839567184,스스로,1,0.42271628975868225,제한,1,0.05709042772650719,,0,0.0
123,,0,0.0,떨어지다,1,0.0,손,1,0.06473714113235474,키우다,1,0.0,설정,1,0.18106618523597717,,0,0.0
124,,0,0.0,질,1,0.15783897042274475,얹다,1,0.0,덧,1,0.0004908069968223572,건강,1,0.28249433636665344,,0,0.0
125,,0,0.0,확,1,0.004968935623764992,복부,1,0.18926846981048584,것임,1,0.0,참다,1,0.0,,0,0.0
126,,0,0.0,치의,1,0.05181058496236801,위아래,1,-0.035926543176174164,잊다,1,0.0,무너지다,1,0.0,,0,0.0
127,,0,0.0,빡센,1,0.0,움직이다,1,0.0,말다,1,0.0,버리다,1,0.0,,0,0.0
128,,0,0.0,지키다,1,0.0,려움,1,0.0,들다,1,0.0,가장,1,0.049776457250118256,,0,0.0
129,,0,0.0,사로잡히다,1,0.0,또,1,0.006576253101229668,일보,1,0.03662487864494324,원인,1,0.19124600291252136,,0,0.0
130,,0,0.0,그것,1,0.3215733468532562,다른,1,0.10593806952238083,가슴,1,0.23420193791389465,중,1,-0.014698604121804237,,0,0.0
131,,0,0.0,만들어지다,1,0.0,분석,1,0.012941824272274971,사람,1,0.2277468740940094,하나,1,0.10607273876667023,,0,0.0
132,,0,0.0,뿐,1,0.20964011549949646,가다,1,0.03068658709526062,살아오다,1,0.0,감당,1,0.13845092058181763,,0,0.0
133,,0,0.0,보고,1,0.029932627454400063,나르다,1,0.0,그때,1,0.180124431848526,지내다,1,0.0,,0,0.0
134,,0,0.0,방향,1,0.14135967195034027,거나,1,0.21130815148353577,형성,1,0.03180190175771713,의미,1,0.22537490725517273,,0,0.0
135,,0,0.0,이끌다,1,0.0,무시,1,0.2127809375524521,가치관,1,0.03646976873278618,지치다,1,0.0,,0,0.0
136,,0,0.0,나아가다,1,0.0,귀,1,0.11514013260602951,무작정,1,0.04538225755095482,뿐,1,0.05098843201994896,,0,0.0
137,,0,0.0,컨디션,1,0.2322404980659485,기울이다,1,0.0,회피,1,0.19248464703559875,한계,1,0.17033301293849945,,0,0.0
138,,0,0.0,가끔,1,0.10430490970611572,호기심,1,0.6299564242362976,거나,1,0.056736573576927185,이해,1,0.2246980220079422,,0,0.0
139,,0,0.0,카트라이더,1,0.0,갖다,1,0.0,숨기다,1,0.0,느끼다,1,0.0,,0,0.0
140,,0,0.0,부스터,1,-0.19631782174110413,오다,1,0.0,대신,1,0.22134335339069366,네,1,0.0022946298122406006,,0,0.0
141,,0,0.0,나르다,1,0.0,래야,1,0.0,그대로,1,0.04200148582458496,용기,1,0.1958407163619995,,0,0.0
142,,0,0.0,달성,1,0.054996561259031296,찾다,1,0.0,인정,1,0.08364072442054749,움직이다,1,0.0,,0,0.0
143,,0,0.0,목적지,1,-0.12001705169677734,깨달,1,0.0,치료,1,0.13811573386192322,육체,1,0.2925805449485779,,0,0.0
144,,0,0.0,촤르륵,1,0.0,자기,1,0.32425159215927124,첫,1,-0.13214871287345886,않다,1,0.0,,0,0.0
145,,0,0.0,데리다,1,0.0,대화,1,0.10069127380847931,걸음,1,-0.013788111507892609,걷다,1,0.0,,0,0.0
146,,0,0.0,중간,1,-0.05384884029626846,긍정,1,0.3086567223072052,정신분석학,1,0.0,춤추다,1,0.0,,0,0.0
147,,0,0.0,못,1,0.08024949580430984,바꾸다,1,0.0,무의식,1,0.1251571774482727,수영,1,0.14981195330619812,,0,0.0
148,,0,0.0,장애물,1,0.08094176650047302,알,1,0.14239192008972168,묻다,1,0.0,점프,1,0.1480514109134674,,0,0.0
149,,0,0.0,만나다,1,0.0,전,1,-0.10971732437610626,점차,1,0.07600980252027512,스트레칭,1,0.0,,0,0.0
150,,0,0.0,회의,1,-0.011239223182201385,이번,1,0.13488441705703735,세계,1,-0.01580032706260681,양,1,0.036379385739564896,,0,0.0
151,,0,0.0,감,1,0.13120658695697784,해내다,1,0.0,올리다,1,0.0,엔돌핀,1,0.0,,0,0.0
152,,0,0.0,다시,1,-0.0853114128112793,일종,1,0.027356300503015518,기억,1,0.24923929572105408,혈액,1,0.14553296566009521,,0,0.0
153,,0,0.0,가야,1,-0.06211605668067932,특정,1,0.11141625791788101,꽁꽁,1,0.0,순환,1,0.07984918355941772,,0,0.0
154,,0,0.0,정,1,-0.07456545531749725,포비아,1,0.0,갇히다,1,0.0,향상,1,0.18630971014499664,,0,0.0
155,,0,0.0,적다,1,0.0,장소,1,0.07270292937755585,떄,1,0.0,뇌,1,0.159088134765625,,0,0.0
156,,0,0.0,밀려오다,1,0.0,점차,1,0.1081368699669838,발휘,1,0.1741335690021515,나서다,1,0.0,,0,0.0
157,,0,0.0,온,1,-0.03532478213310242,접,1,-0.11141546815633774,막상,1,0.24339568614959717,주다,1,0.0,,0,0.0
158,,0,0.0,다해,1,0.0,준비,1,0.022070512175559998,선상,1,-0.14732441306114197,호르몬,1,0.2062879204750061,,0,0.0
159,,0,0.0,헌신,1,0.5215485095977783,돼다,1,0.0,떠올리다,1,0.0,분비,1,0.16436442732810974,,0,0.0
160,,0,0.0,심신,1,0.23238211870193481,매우,1,0.14217717945575714,이해,1,0.23841074109077454,해내다,1,0.0,,0,0.0
161,,0,0.0,실현,1,0.16105331480503082,선택,1,0.023912562057375908,잃다,1,0.0,관련,1,0.054420746862888336,,0,0.0
162,,0,0.0,오히려,1,0.18194863200187683,뇌,1,0.18410849571228027,야생마,1,0.0,질병,1,0.24284672737121582,,0,0.0
163,,0,0.0,흐르다,1,0.0,설명,1,0.1401015967130661,속,1,0.1208401620388031,직접,1,-0.07393862307071686,,0,0.0
164,,0,0.0,이르다,1,0.0,연구,1,0.035318151116371155,콤플렉스,1,0.26013457775115967,치료,1,0.22688060998916626,,0,0.0
165,,0,0.0,만해,1,0.0,지속,1,0.06135592609643936,수치심,1,0.38324350118637085,몇,1,0.05353565141558647,,0,0.0
166,,0,0.0,정말,1,0.2657478451728821,볼,1,-0.021452544257044792,마음껏,1,0.07781393826007843,우울,1,1.0,,0,0.0
167,,0,0.0,상기,1,0.07517869770526886,받다,1,0.0,꺼내다,1,0.0,감,1,0.10072031617164612,,0,0.0
168,,0,0.0,만들다,1,0.0,셀프,1,-0.1933591663837433,놓다,1,0.0,줄,1,0.17298352718353271,,0,0.0
169,,0,0.0,수정,1,-0.0380144827067852,행동,1,0.4336273670196533,자꾸,1,0.16130509972572327,무언가,1,0.1665334701538086,,0,0.0
170,,0,0.0,보완,1,0.031166695058345795,책자,1,-0.06844771653413773,비우다,1,0.0,관심,1,0.1356622874736786,,0,0.0
171,,0,0.0,찌르다,1,0.0,사용,1,-0.1556224524974823,해결,1,0.10794886946678162,반드시,1,0.028389083221554756,,0,0.0
172,,0,0.0,시도,1,0.08927731215953827,공포증,1,0.4923781156539917,관찰,1,0.11601065844297409,음식,1,0.17173102498054504,,0,0.0
173,,0,0.0,캠퍼스,1,-0.07691287994384766,의사,1,0.20296254754066467,길들이다,1,0.0,사다,1,0.0,,0,0.0
174,,0,0.0,지표,1,0.06501506268978119,상담,1,0.18028733134269714,위스콘신,1,0.0,요리법,1,0.024374336004257202,,0,0.0
175,,0,0.0,삼,1,-0.06403441727161407,핵심,1,-0.059884876012802124,대학교,1,-0.1619984209537506,시도,1,0.057021960616111755,,0,0.0
176,,0,0.0,만,1,-0.027730168774724007,가령,1,-0.014266135171055794,심리학,1,-0.03032694198191166,균형,1,0.1650732159614563,,0,0.0
177,,0,0.0,벌어지다,1,0.0,베타,1,-0.08415177464485168,교수,1,-0.11116308718919754,잡히다,1,0.0,,0,0.0
178,,0,0.0,연구,1,0.19852741062641144,제,1,-0.0890902578830719,리처드,1,0.19641971588134766,식사,1,0.1558782458305359,,0,0.0
179,,0,0.0,은유,1,0.2732154130935669,수행,1,0.03606564924120903,데이비슨,1,0.0,트립토판,1,0.0,,0,0.0
180,,0,0.0,이야기,1,0.3313136696815491,불안,1,0.5522183775901794,박사,1,0.003205779939889908,마그네슘,1,0.11913725733757019,,0,0.0
181,,0,0.0,북극성,1,0.10020817816257477,제로,1,-0.09634900093078613,정서,1,0.2508974075317383,방지,1,0.08754745870828629,,0,0.0
182,,0,0.0,일몰,1,0.05167676880955696,벤조디아제핀,1,0.0,상태,1,0.0780361220240593,제,1,-0.167667418718338,,0,0.0
183,,0,0.0,볼,1,0.003920593298971653,불안장애,1,0.0,활동,1,-0.034537509083747864,비타민,1,0.17595113813877106,,0,0.0
184,,0,0.0,사하라,1,-0.08979500085115433,기도,1,0.09915988147258759,상관관계,1,0.10350532084703445,생,1,-0.04637029767036438,,0,0.0
185,,0,0.0,길,1,0.0178879015147686,중독,1,0.3249927759170532,연구,1,-0.04275960475206375,도,1,0.13284265995025635,,0,0.0
186,,0,0.0,잃다,1,0.0,일반,1,0.00881195068359375,오다,1,0.0,주기,1,-0.045603081583976746,,0,0.0
187,,0,0.0,무슨,1,0.0650632455945015,진정,1,0.2375207245349884,결과,1,0.1412092000246048,때문,1,0.04438326507806778,,0,0.0
188,,0,0.0,일어나다,1,0.0,경고,1,0.35500213503837585,우울,1,0.33322423696517944,빠지다,1,0.0,,0,0.0
189,,0,0.0,조사,1,-0.09066210687160492,,0,0.0,불안감,1,0.4859619140625,피,1,0.05600034445524216,,0,0.0
190,,0,0.0,계속,1,0.059327058494091034,,0,0.0,외부,1,0.04558254033327103,검증,1,0.05800308287143707,,0,0.0
191,,0,0.0,맴돌다,1,0.0,,0,0.0,밝혀내다,1,0.0,연습,1,0.13503381609916687,,0,0.0
192,,0,0.0,벗어나다,1,0.0,,0,0.0,반대,1,0.3869003355503082,실제,1,0.11301394551992416,,0,0.0
193,,0,0.0,일직선,1,-0.05661902204155922,,0,0.0,만족감,1,0.13397487998008728,스트레스,1,0.35250091552734375,,0,0.0
194,,0,0.0,출발,1,0.010130960494279861,,0,0.0,지다,1,0.0,불안,1,0.535014808177948,,0,0.0
195,,0,0.0,지점,1,-0.042370155453681946,,0,0.0,알아내다,1,0.0,영향,1,0.14957484602928162,,0,0.0
196,,0,0.0,되돌아오다,1,0.0,,0,0.0,좌,1,0.06562681496143341,줄이다,1,0.0,,0,0.0
197,,0,0.0,이처럼,1,0.20607805252075195,,0,0.0,중,1,-0.1103786751627922,심리,1,0.2820131182670593,,0,0.0
198,,0,0.0,직감,1,0.25520721077919006,,0,0.0,쪽,1,-0.055159952491521835,전략,1,0.055811382830142975,,0,0.0
199,,0,0.0,감각,1,0.4594593048095703,,0,0.0,기능,1,-0.13236646354198456,이점,1,0.17733609676361084,,0,0.0
200,,0,0.0,믿다,1,0.0,,0,0.0,염세,1,0.0,연구,1,0.035540871322155,,0,0.0
201,,0,0.0,사실,1,0.20696258544921875,,0,0.0,최초,1,-0.1224263459444046,기법,1,0.14611263573169708,,0,0.0
202,,0,0.0,똑바로,1,0.0056349001824855804,,0,0.0,증명,1,0.029392240568995476,다음,1,-0.01505928486585617,,0,0.0
203,,0,0.0,걷다,1,0.0,,0,0.0,의미,1,0.12258325517177582,수행,1,0.029593925923109055,,0,0.0
204,,0,0.0,착각,1,0.08588282763957977,,0,0.0,성향,1,0.14455538988113403,감정,1,0.5245770215988159,,0,0.0
205,,0,0.0,곤,1,0.09434519708156586,,0,0.0,진화,1,0.13682325184345245,연속,1,0.12784701585769653,,0,0.0
206,,0,0.0,고,1,0.1954786479473114,,0,0.0,되어다,1,0.0,즉각,1,-0.09766203165054321,,0,0.0
207,,0,0.0,본성,1,0.4526313245296478,,0,0.0,온,1,0.01487775519490242,경험,1,0.3327380418777466,,0,0.0
208,,0,0.0,필요,1,0.056174762547016144,,0,0.0,긍정,1,0.1911836862564087,순위,1,-0.09465634822845459,,0,0.0
209,,0,0.0,그릴,1,0.009775625541806221,,0,0.0,바뀌다,1,0.0,정,1,-0.029766231775283813,,0,0.0
210,,0,0.0,뒤,1,-0.04883507639169693,,0,0.0,렇,1,0.0,나은,1,0.0,,0,0.0
211,,0,0.0,따르다,1,0.0,,0,0.0,개발,1,-0.08458320796489716,결정,1,0.03077206388115883,,0,0.0
212,,0,0.0,앉다,1,0.0,,0,0.0,기반,1,-0.09052856266498566,내리다,1,0.0,,0,0.0
213,,0,0.0,갖다,1,0.0,,0,0.0,대처,1,0.36759257316589355,선택,1,0.19671696424484253,,0,0.0
214,,0,0.0,산,1,-0.11441776156425476,,0,0.0,법,1,-0.05540897697210312,사항,1,0.06687111407518387,,0,0.0
215,,0,0.0,바라보다,1,0.0,,0,0.0,불교,1,0.07085763663053513,탐구,1,0.249098539352417,,0,0.0
216,,0,0.0,멍,1,-0.010015428066253662,,0,0.0,이용,1,0.09204989671707153,개인,1,0.21083468198776245,,0,0.0
217,,0,0.0,때리다,1,0.0,,0,0.0,팀,1,-0.14751318097114563,누구,1,0.08527371287345886,,0,0.0
218,,0,0.0,놓다,1,0.0,,0,0.0,생명공학,1,0.0,창의성,1,0.21706388890743256,,0,0.0
219,,0,0.0,하든,1,0.0,,0,0.0,회사,1,-0.06558582186698914,직관,1,0.22494837641716003,,0,0.0
220,,0,0.0,질문,1,0.30168747901916504,,0,0.0,다니다,1,0.0,깨우다,1,0.0,,0,0.0
221,,0,0.0,자연,1,0.289844274520874,,0,0.0,연구원,1,-0.2754570543766022,,0,0.0,,0,0.0
222,,0,0.0,햇살,1,0.266570121049881,,0,0.0,대상,1,0.004346642643213272,,0,0.0,,0,0.0
223,,0,0.0,살다,1,0.0,,0,0.0,동안,1,-0.08554570376873016,,0,0.0,,0,0.0
224,,0,0.0,음,1,0.15514303743839264,,0,0.0,후,1,0.020468655973672867,,0,0.0,,0,0.0
225,,0,0.0,흐름,1,0.24284768104553223,,0,0.0,앞서다,1,0.0,,0,0.0,,0,0.0
226,,0,0.0,존재,1,0.018303068354725838,,0,0.0,나타나다,1,0.0,,0,0.0,,0,0.0
227,,0,0.0,감사하다,1,0.0,,0,0.0,비,1,0.03235384821891785,,0,0.0,,0,0.0
228,,0,0.0,보통,1,-0.051964156329631805,,0,0.0,하나,1,-0.016097858548164368,,0,0.0,,0,0.0
229,,0,0.0,뭔가,1,0.0,,0,0.0,자기혐오,1,0.0,,0,0.0,,0,0.0
230,,0,0.0,요소,1,0.1875862330198288,,0,0.0,없애다,1,0.0,,0,0.0,,0,0.0
231,,0,0.0,예전,1,0.08113524317741394,,0,0.0,가장,1,-0.07325734198093414,,0,0.0,,0,0.0
232,,0,0.0,요즘,1,0.17059284448623657,,0,0.0,효과,1,0.1550973504781723,,0,0.0,,0,0.0
233,,0,0.0,러프,1,0.019698360934853554,,0,0.0,방법,1,-0.042567331343889236,,0,0.0,,0,0.0
234,,0,0.0,정리,1,-0.06035301089286804,,0,0.0,앞서,1,0.10597348213195801,,0,0.0,,0,0.0
235,,0,0.0,들다,1,0.0,,0,0.0,위해,1,-0.016592971980571747,,0,0.0,,0,0.0
236,,0,0.0,갑자기,1,-0.018195800483226776,,0,0.0,온갖,1,0.30485397577285767,,0,0.0,,0,0.0
237,,0,0.0,다이어리,1,0.0,,0,0.0,잡념,1,0.0,,0,0.0,,0,0.0
238,,0,0.0,가다,1,-0.04863971471786499,,0,0.0,자다,1,0.0,,0,0.0,,0,0.0
239,,0,0.0,정돈,1,0.008986391127109528,,0,0.0,정상,1,-0.11363902688026428,,0,0.0,,0,0.0
240,,0,0.0,필통,1,0.0,,0,0.0,다만,1,-0.18777328729629517,,0,0.0,,0,0.0
241,,0,0.0,연필,1,0.12884674966335297,,0,0.0,끌리다,1,0.0,,0,0.0,,0,0.0
242,,0,0.0,꽂다,1,0.0,,0,0.0,주의,1,0.058170385658741,,0,0.0,,0,0.0
243,,0,0.0,눈앞,1,0.16214069724082947,,0,0.0,거리,1,0.018210848793387413,,0,0.0,,0,0.0
244,,0,0.0,기분,1,0.4030345678329468,,0,0.0,불안,1,0.4256986081600189,,0,0.0,,0,0.0
245,,0,0.0,펜,1,0.050213128328323364,,0,0.0,억욱함,1,0.0,,0,0.0,,0,0.0
246,,0,0.0,뽑다,1,0.0,,0,0.0,슬픔,1,0.4607312083244324,,0,0.0,,0,0.0
247,,0,0.0,공간,1,0.14569596946239471,,0,0.0,여러,1,-0.024200478568673134,,0,0.0,,0,0.0
248,,0,0.0,찾다,1,0.0,,0,0.0,일으키다,1,0.0,,0,0.0,,0,0.0
249,,0,0.0,뒤죽박죽,1,0.0,,0,0.0,과거,1,0.0705089271068573,,0,0.0,,0,0.0
250,,0,0.0,허둥지둥,1,0.0,,0,0.0,여기,1,0.0931897833943367,,0,0.0,,0,0.0
251,,0,0.0,대다,1,0.0,,0,0.0,휘,1,0.03663518279790878,,0,0.0,,0,0.0
252,,0,0.0,전혀,1,0.21486859023571014,,0,0.0,둘리,1,0.0,,0,0.0,,0,0.0
253,,0,0.0,다른,1,0.10396221280097961,,0,0.0,관찰자,1,0.0691341757774353,,0,0.0,,0,0.0
254,,0,0.0,남기다,1,0.0,,0,0.0,입장,1,0.1915556788444519,,0,0.0,,0,0.0
255,,0,0.0,물건,1,0.13161617517471313,,0,0.0,유지,1,-0.04686218872666359,,0,0.0,,0,0.0
256,,0,0.0,나머지,1,-0.023173237219452858,,0,0.0,쓰다,1,0.0,,0,0.0,,0,0.0
257,,0,0.0,가차,1,0.09137801826000214,,0,0.0,흘러가다,1,0.0,,0,0.0,,0,0.0
258,,0,0.0,버리다,1,0.0,,0,0.0,버리다,1,0.0,,0,0.0,,0,0.0
259,,0,0.0,용기,1,0.31087473034858704,,0,0.0,다시,1,0.19393165409564972,,0,0.0,,0,0.0
260,,0,0.0,뽜,1,0.0,,0,0.0,묘,1,0.13752774894237518,,0,0.0,,0,0.0
261,,0,0.0,를,1,0.060232095420360565,,0,0.0,해방,1,0.07907156646251678,,0,0.0,,0,0.0
262,,0,0.0,외치다,1,0.0,,0,0.0,맛보다,1,0.0,,0,0.0,,0,0.0
263,,0,0.0,응어리,1,0.0,,0,0.0,걸어가다,1,0.0,,0,0.0,,0,0.0
264,,0,0.0,진,1,-0.12146103382110596,,0,0.0,눕다,1,0.0,,0,0.0,,0,0.0
265,,0,0.0,리얼,1,0.03692212328314781,,0,0.0,의자,1,0.06665452569723129,,0,0.0,,0,0.0
266,,0,0.0,펼치다,1,0.0,,0,0.0,방석,1,0.13494306802749634,,0,0.0,,0,0.0
267,,0,0.0,가장,1,0.06650812923908234,,0,0.0,깔다,1,0.0,,0,0.0,,0,0.0
268,,0,0.0,외로움,1,0.5238373279571533,,0,0.0,장소,1,-0.08757375925779343,,0,0.0,,0,0.0
269,,0,0.0,슬픔,1,0.6108483076095581,,0,0.0,방해,1,0.23520873486995697,,0,0.0,,0,0.0
270,,0,0.0,아픔,1,0.5049396753311157,,0,0.0,곳,1,-0.03310060128569603,,0,0.0,,0,0.0
271,,0,0.0,치유,1,0.2604483366012573,,0,0.0,어디,1,-0.0023175273090600967,,0,0.0,,0,0.0
272,,0,0.0,비로소,1,0.031859561800956726,,0,0.0,깉,1,0.0,,0,0.0,,0,0.0
273,,0,0.0,진심,1,0.39141762256622314,,0,0.0,단계,1,-0.13129234313964844,,0,0.0,,0,0.0
274,,0,0.0,어리다,1,0.0,,0,0.0,시간,1,-0.01732078567147255,,0,0.0,,0,0.0
275,,0,0.0,웃다,1,0.0,,0,0.0,질,1,0.03989103436470032,,0,0.0,,0,0.0
276,,0,0.0,인사,1,0.0832516998052597,,0,0.0,보장,1,0.0003393040969967842,,0,0.0,,0,0.0
277,,0,0.0,혼자,1,0.19156283140182495,,0,0.0,시도,1,0.15114310383796692,,0,0.0,,0,0.0
278,,0,0.0,어쨌든,1,0.14782464504241943,,0,0.0,추천,1,0.1449260711669922,,0,0.0,,0,0.0
279,,0,0.0,뽷,1,0.0,,0,0.0,매일,1,0.10732521116733551,,0,0.0,,0,0.0
280,,0,0.0,일이,1,0.0,,0,0.0,아침,1,0.12850156426429749,,0,0.0,,0,0.0
281,,0,0.0,억지,1,0.10740204900503159,,0,0.0,저녁,1,0.12475137412548065,,0,0.0,,0,0.0
282,,0,0.0,드러내다,1,0.0,,0,0.0,개월,1,-0.08311448246240616,,0,0.0,,0,0.0
283,,0,0.0,여유,1,0.13548508286476135,,0,0.0,하루,1,0.13734808564186096,,0,0.0,,0,0.0
284,,0,0.0,미소,1,0.12624099850654602,,0,0.0,마무리,1,0.045981697738170624,,0,0.0,,0,0.0
285,,0,0.0,오다,1,0.0,,0,0.0,당신,1,0.25946757197380066,,0,0.0,,0,0.0
286,,0,0.0,즐기다,1,0.0,,0,0.0,모습,1,0.2452152818441391,,0,0.0,,0,0.0
287,,0,0.0,만끽,1,0.18670424818992615,,0,0.0,달라지다,1,0.0,,0,0.0,,0,0.0
288,,0,0.0,진정,1,0.20253580808639526,,0,0.0,얽매,1,0.0,,0,0.0,,0,0.0
289,,0,0.0,방식,1,0.11555887758731842,,0,0.0,고요함,1,0.0,,0,0.0,,0,0.0
290,,0,0.0,,0,0.0,,0,0.0,평화로움,1,0.0,,0,0.0,,0,0.0
291,,0,0.0,,0,0.0,,0,0.0,바라다,1,0.0,,0,0.0,,0,0.0
